G_loss,D_loss,KL_divergence
1.187126636505127,0.7446134090423584,-0.8804756521033577
1.2007246017456055,0.7874598205089569,-0.8836011718280521
